{
  "movie_writer": {
    "precision": 0.9963898916967509,
    "recall": 1.0,
    "f1-score": 0.9981916817359855,
    "support": 276,
    "confused_with": {}
  },
  "out_of_scope": {
    "precision": 0.6,
    "recall": 0.375,
    "f1-score": 0.4615384615384615,
    "support": 8,
    "confused_with": {
      "movie_plot": 2,
      "person_info": 1
    }
  },
  "movie_director": {
    "precision": 0.99581589958159,
    "recall": 1.0,
    "f1-score": 0.9979035639412999,
    "support": 238,
    "confused_with": {}
  },
  "help": {
    "precision": 1.0,
    "recall": 0.9,
    "f1-score": 0.9473684210526316,
    "support": 10,
    "confused_with": {
      "deny": 1
    }
  },
  "movie_plot": {
    "precision": 0.9849246231155779,
    "recall": 0.98,
    "f1-score": 0.9824561403508771,
    "support": 200,
    "confused_with": {
      "person_info": 4
    }
  },
  "all_stars_movie": {
    "precision": 1.0,
    "recall": 1.0,
    "f1-score": 1.0,
    "support": 200,
    "confused_with": {}
  },
  "bot_status": {
    "precision": 0.7058823529411765,
    "recall": 1.0,
    "f1-score": 0.8275862068965517,
    "support": 12,
    "confused_with": {}
  },
  "thanks": {
    "precision": 0.9,
    "recall": 0.9,
    "f1-score": 0.9,
    "support": 10,
    "confused_with": {
      "greet": 1
    }
  },
  "person_info": {
    "precision": 0.9895615866388309,
    "recall": 1.0,
    "f1-score": 0.9947534102833158,
    "support": 474,
    "confused_with": {}
  },
  "movie_reviews": {
    "precision": 1.0,
    "recall": 1.0,
    "f1-score": 1.0,
    "support": 160,
    "confused_with": {}
  },
  "deny": {
    "precision": 0.9166666666666666,
    "recall": 0.8461538461538461,
    "f1-score": 0.8799999999999999,
    "support": 13,
    "confused_with": {
      "out_of_scope": 1,
      "affirm": 1
    }
  },
  "movie_provider": {
    "precision": 1.0,
    "recall": 1.0,
    "f1-score": 1.0,
    "support": 198,
    "confused_with": {}
  },
  "affirm": {
    "precision": 0.8571428571428571,
    "recall": 0.6,
    "f1-score": 0.7058823529411764,
    "support": 10,
    "confused_with": {
      "thanks": 1,
      "movie_plot": 1
    }
  },
  "goodbye": {
    "precision": 0.8571428571428571,
    "recall": 0.5454545454545454,
    "f1-score": 0.6666666666666665,
    "support": 11,
    "confused_with": {
      "bot_status": 3,
      "out_of_scope": 1
    }
  },
  "greet": {
    "precision": 0.7857142857142857,
    "recall": 0.8461538461538461,
    "f1-score": 0.8148148148148148,
    "support": 13,
    "confused_with": {
      "goodbye": 1,
      "bot_status": 1
    }
  },
  "accuracy": 0.9869067103109657,
  "macro avg": {
    "precision": 0.9059494013760395,
    "recall": 0.8661841491841492,
    "f1-score": 0.8784774480147853,
    "support": 1833
  },
  "weighted avg": {
    "precision": 0.9866047198662792,
    "recall": 0.9869067103109657,
    "f1-score": 0.9861036949059241,
    "support": 1833
  }
}